<?xml version="1.0" encoding="UTF-8"?>
<gmd:MD_Metadata xmlns:gmd="http://www.isotc211.org/2005/gmd" xmlns:gco="http://www.isotc211.org/2005/gco" xmlns:srv="http://www.isotc211.org/2005/srv" xmlns:gml="http://www.opengis.net/gml/3.2" xmlns:xlink="http://www.w3.org/1999/xlink">
	<gmd:fileIdentifier>
		<gco:CharacterString>{BFF562F3-1227-4E2C-BBF5-84A43467E94A}</gco:CharacterString>
	</gmd:fileIdentifier>
	<gmd:language>
		<gmd:LanguageCode codeList="http://standards.iso.org/ittf/PubliclyAvailableStandards/ISO_19139_Schemas/resources/Codelist/ML_gmxCodelists.xml#LanguageCode" codeListValue="eng">eng</gmd:LanguageCode>
	</gmd:language>
	<gmd:hierarchyLevel>
		<gmd:MD_ScopeCode codeSpace="ISOTC211/19115" codeList="http://www.isotc211.org/2005/resources/Codelist/gmxCodelists.xml#MD_ScopeCode" codeListValue="service">service</gmd:MD_ScopeCode>
	</gmd:hierarchyLevel>
	<gmd:contact>
		<gmd:CI_ResponsibleParty>
			<gmd:organisationName>
				<gco:CharacterString>Office for National Statistics</gco:CharacterString>
			</gmd:organisationName>
			<gmd:contactInfo>
				<gmd:CI_Contact>
					<gmd:address>
						<gmd:CI_Address>
							<gmd:electronicMailAddress>
								<gco:CharacterString>ons.geography@ons.gsi.gov.uk</gco:CharacterString>
							</gmd:electronicMailAddress>
						</gmd:CI_Address>
					</gmd:address>
				</gmd:CI_Contact>
			</gmd:contactInfo>
			<gmd:role>
				<gmd:CI_RoleCode codeSpace="ISOTC211/19115" codeList="http://www.isotc211.org/2005/resources/Codelist/gmxCodelists.xml#CI_RoleCode" codeListValue="pointOfContact">pointOfContact</gmd:CI_RoleCode>
			</gmd:role>
		</gmd:CI_ResponsibleParty>
	</gmd:contact>
	<gmd:dateStamp>
		<gco:Date>2013-09-10</gco:Date>
	</gmd:dateStamp>
	<gmd:metadataStandardName>
		<gco:CharacterString>UK GEMINI</gco:CharacterString>
	</gmd:metadataStandardName>
	<gmd:metadataStandardVersion>
		<gco:CharacterString>2.1</gco:CharacterString>
	</gmd:metadataStandardVersion>
	<gmd:referenceSystemInfo>
		<gmd:MD_ReferenceSystem>
			<gmd:referenceSystemIdentifier>
				<gmd:RS_Identifier>
					<gmd:code>
						<gco:CharacterString>27700</gco:CharacterString>
					</gmd:code>
				</gmd:RS_Identifier>
			</gmd:referenceSystemIdentifier>
		</gmd:MD_ReferenceSystem>
	</gmd:referenceSystemInfo>
	<gmd:identificationInfo>
		<srv:SV_ServiceIdentification>
			<gmd:citation>
				<gmd:CI_Citation>
					<gmd:title>
						<gco:CharacterString>Local authority districts (2011) to Westminster parliamentary constituencies (2011) UK lookup</gco:CharacterString>
					</gmd:title>
					<gmd:alternateTitle>
						<gco:CharacterString>LAD (2011) to Westminster parliamentary constituencies (2011) UK lookup</gco:CharacterString>
					</gmd:alternateTitle>
					<gmd:alternateTitle>
						<gco:CharacterString>LAD11_PCON11_UK_LU</gco:CharacterString>
					</gmd:alternateTitle>
					<gmd:date>
						<gmd:CI_Date>
							<gmd:date>
								<gco:Date>2011-12-31</gco:Date>
							</gmd:date>
							<gmd:dateType>
								<gmd:CI_DateTypeCode codeSpace="ISOTC211/19115" codeList="http://www.isotc211.org/2005/resources/Codelist/gmxCodelists.xml#CI_DateTypeCode" codeListValue="publication">publication</gmd:CI_DateTypeCode>
							</gmd:dateType>
						</gmd:CI_Date>
					</gmd:date>
					<gmd:identifier>
						<gmd:MD_Identifier>
							<gmd:code>
								<gco:CharacterString>{ABE2AE8D-0CAF-420C-AC90-B029F3184F69}</gco:CharacterString>
							</gmd:code>
						</gmd:MD_Identifier>
					</gmd:identifier>
				</gmd:CI_Citation>
			</gmd:citation>
			<gmd:abstract>
				<gco:CharacterString>This file is a lookup between local authority districts and Westminster parliamentary constituencies in the United Kingdom as at December 2011.
Local authority districts (LAD) is a generic term to describe the &apos;district&apos; level of local government in the United Kingdom. It includes non-metropolitan districts, metropolitan districts, unitary authorities and London boroughs in England; Welsh unitary authorities; Scottish council areas; and Northern Irish district council areas. The areas are made up of whole electoral wards/divisions.
Westminster parliamentary constituencies are used to elect Members of Parliament to the House of Commons. The 587 constituencies in England, Northern Ireland and Wales (533 in England; 40 in Wales; and 18 in Northern Ireland)came into force for the May 2010 General Election.   In Scotland, the 72 constituencies were reduced to 59 in May 2005.
This product contains both the nine character codes as well as the old style four and three character codes. For further information, please see the Code History Database (CHD) (Link below). Please note that Northern Ireland has adopted the nine character coding for Westminster parliamentary constituencies but not for district council areas.
Please be aware that when exporting files out of the portal there is potential that certain Welsh characters could become corrupted.  Please refer to attached spreadsheet for further information. 
In addition, if your downloaded file is imported into Access, the delimiter will need to be set to &apos;double quotes&apos;, so records are displayed correctly.
Please be aware that if you download this lookup file in text or csv format and then import the file into ArcGIS 10.1, the ArcGIS software will make the assumption that the nine character geography codes contain information that relate to grid reference and attempt to create extra grid references fields based on these codes. If this happens please delete the extra grid reference information fields from your file as these grid references will not be valid or accurate.</gco:CharacterString>
			</gmd:abstract>
			<gmd:pointOfContact>
				<gmd:CI_ResponsibleParty>
					<gmd:individualName>
						<gco:CharacterString>ONS Geography Customer Services</gco:CharacterString>
					</gmd:individualName>
					<gmd:organisationName>
						<gco:CharacterString>Office for National Statistics</gco:CharacterString>
					</gmd:organisationName>
					<gmd:contactInfo>
						<gmd:CI_Contact>
							<gmd:phone>
								<gmd:CI_Telephone>
									<gmd:voice>
										<gco:CharacterString>+44 (0)1329 444971</gco:CharacterString>
									</gmd:voice>
								</gmd:CI_Telephone>
							</gmd:phone>
							<gmd:address>
								<gmd:CI_Address>
									<gmd:deliveryPoint>
										<gco:CharacterString>Segensworth Road, Titchfield</gco:CharacterString>
									</gmd:deliveryPoint>
									<gmd:city>
										<gco:CharacterString>Fareham</gco:CharacterString>
									</gmd:city>
									<gmd:administrativeArea>
										<gco:CharacterString>Hampshire</gco:CharacterString>
									</gmd:administrativeArea>
									<gmd:postalCode>
										<gco:CharacterString>PO15 5RR</gco:CharacterString>
									</gmd:postalCode>
									<gmd:country>
										<gco:CharacterString>United Kingdom</gco:CharacterString>
									</gmd:country>
									<gmd:electronicMailAddress>
										<gco:CharacterString>ons.geography@ons.gsi.gov.uk</gco:CharacterString>
									</gmd:electronicMailAddress>
								</gmd:CI_Address>
							</gmd:address>
							<gmd:onlineResource>
								<gmd:CI_OnlineResource>
									<gmd:linkage>
										<gmd:URL>https://geoportal.statistics.gov.uk/Docs/Lookups/Local_authority_districts_(2011)_to_Westminster_parliamentary_constituencies_(2011)_UK_lookup.zip</gmd:URL>
									</gmd:linkage>
								</gmd:CI_OnlineResource>
							</gmd:onlineResource>
						</gmd:CI_Contact>
					</gmd:contactInfo>
					<gmd:role>
						<gmd:CI_RoleCode codeSpace="ISOTC211/19115" codeList="http://www.isotc211.org/2005/resources/Codelist/gmxCodelists.xml#CI_RoleCode" codeListValue="pointOfContact">pointOfContact</gmd:CI_RoleCode>
					</gmd:role>
				</gmd:CI_ResponsibleParty>
			</gmd:pointOfContact>
			<gmd:resourceMaintenance>
				<gmd:MD_MaintenanceInformation>
					<gmd:maintenanceAndUpdateFrequency>
						<gmd:MD_MaintenanceFrequencyCode codeSpace="ISOTC211/19115" codeList="http://www.isotc211.org/2005/resources/Codelist/gmxCodelists.xml#MD_MaintenanceFrequencyCode" codeListValue="annually">annually</gmd:MD_MaintenanceFrequencyCode>
					</gmd:maintenanceAndUpdateFrequency>
				</gmd:MD_MaintenanceInformation>
			</gmd:resourceMaintenance>
			<gmd:descriptiveKeywords>
				<gmd:MD_Keywords>
					<gmd:keyword>
						<gco:CharacterString>infoProductAccessService</gco:CharacterString>
					</gmd:keyword>
					<gmd:thesaurusName>
						<gmd:CI_Citation>
							<gmd:title>
								<gco:CharacterString>ISO 19119 service taxonomy</gco:CharacterString>
							</gmd:title>
							<gmd:date>
								<gmd:CI_Date>
									<gmd:date>
										<gco:Date>2003</gco:Date>
									</gmd:date>
									<gmd:dateType>
										<gmd:CI_DateTypeCode codeList="http://standards.iso.org/ittf/PubliclyAvailableStandards/ISO_19139_Schemas/resources/Codelist/ML_gmxCodelists.xml#CI_DateTypeCode" codeListValue="publication">publication</gmd:CI_DateTypeCode>
									</gmd:dateType>
								</gmd:CI_Date>
							</gmd:date>
						</gmd:CI_Citation>
					</gmd:thesaurusName>
				</gmd:MD_Keywords>
			</gmd:descriptiveKeywords>
			<gmd:descriptiveKeywords>
				<gmd:MD_Keywords>
					<gmd:keyword>
						<gco:CharacterString>Administrative units</gco:CharacterString>
					</gmd:keyword>
					<gmd:keyword>
						<gco:CharacterString>Geographical names</gco:CharacterString>
					</gmd:keyword>
					<gmd:thesaurusName>
						<gmd:CI_Citation>
							<gmd:title>
								<gco:CharacterString>GEMET - Concepts, version 2.4</gco:CharacterString>
							</gmd:title>
							<gmd:date>
								<gmd:CI_Date>
									<gmd:date>
										<gco:Date>2010-01-13</gco:Date>
									</gmd:date>
									<gmd:dateType>
										<gmd:CI_DateTypeCode codeList="http://standards.iso.org/ittf/PubliclyAvailableStandards/ISO_19139_Schemas/resources/Codelist/ML_gmxCodelists.xml#CI_DateTypeCode" codeListValue="publication">publication</gmd:CI_DateTypeCode>
									</gmd:dateType>
								</gmd:CI_Date>
							</gmd:date>
						</gmd:CI_Citation>
					</gmd:thesaurusName>
				</gmd:MD_Keywords>
			</gmd:descriptiveKeywords>
			<gmd:descriptiveKeywords>
				<gmd:MD_Keywords>
					<gmd:keyword>
						<gco:CharacterString>Local authority district</gco:CharacterString>
					</gmd:keyword>
					<gmd:keyword>
						<gco:CharacterString>LAD</gco:CharacterString>
					</gmd:keyword>
					<gmd:keyword>
						<gco:CharacterString>Westminster parliamentary constituency</gco:CharacterString>
					</gmd:keyword>
					<gmd:keyword>
						<gco:CharacterString>PCON</gco:CharacterString>
					</gmd:keyword>
					<gmd:keyword>
						<gco:CharacterString>parlicon</gco:CharacterString>
					</gmd:keyword>
					<gmd:keyword>
						<gco:CharacterString>United Kingdom</gco:CharacterString>
					</gmd:keyword>
					<gmd:keyword>
						<gco:CharacterString>UK</gco:CharacterString>
					</gmd:keyword>
				</gmd:MD_Keywords>
			</gmd:descriptiveKeywords>
			<gmd:resourceConstraints>
				<gmd:MD_Constraints>
					<gmd:useLimitation>
						<gco:CharacterString>Licence</gco:CharacterString>
					</gmd:useLimitation>
					<gmd:useLimitation>
						<gco:CharacterString>http://www.nationalarchives.gov.uk/doc/open-government-licence/</gco:CharacterString>
					</gmd:useLimitation>
					<gmd:useLimitation>
						<gco:CharacterString>Link to the Open Government Licence</gco:CharacterString>
					</gmd:useLimitation>
				</gmd:MD_Constraints>
			</gmd:resourceConstraints>
			<gmd:resourceConstraints>
				<gmd:MD_LegalConstraints>
					<gmd:accessConstraints>
						<gmd:MD_RestrictionCode codeSpace="ISOTC211/19115" codeList="http://www.isotc211.org/2005/resources/Codelist/gmxCodelists.xml#MD_RestrictionCode" codeListValue="otherRestrictions">otherRestrictions</gmd:MD_RestrictionCode>
					</gmd:accessConstraints>
					<gmd:otherConstraints>
						<gco:CharacterString>Other restrictions</gco:CharacterString>
					</gmd:otherConstraints>
				</gmd:MD_LegalConstraints>
			</gmd:resourceConstraints>
			<srv:serviceType>
				<gco:LocalName>download</gco:LocalName>
			</srv:serviceType>
			<srv:extent>
				<gmd:EX_Extent>
					<gmd:geographicElement>
						<gmd:EX_GeographicBoundingBox>
							<gmd:westBoundLongitude>
								<gco:Decimal>-9.3555</gco:Decimal>
							</gmd:westBoundLongitude>
							<gmd:eastBoundLongitude>
								<gco:Decimal>3.8097</gco:Decimal>
							</gmd:eastBoundLongitude>
							<gmd:southBoundLatitude>
								<gco:Decimal>49.0439</gco:Decimal>
							</gmd:southBoundLatitude>
							<gmd:northBoundLatitude>
								<gco:Decimal>61.1481</gco:Decimal>
							</gmd:northBoundLatitude>
						</gmd:EX_GeographicBoundingBox>
					</gmd:geographicElement>
					<gmd:temporalElement>
						<gmd:EX_TemporalExtent>
							<gmd:extent>
								<gml:TimePeriod gml:id="Temporal">
									<gml:beginPosition>2011-12-31</gml:beginPosition>
									<gml:endPosition>2012-12-31</gml:endPosition>
								</gml:TimePeriod>
							</gmd:extent>
						</gmd:EX_TemporalExtent>
					</gmd:temporalElement>
				</gmd:EX_Extent>
			</srv:extent>
			<srv:couplingType gco:nilReason="missing"/>
			<srv:containsOperations gco:nilReason="missing"/>
			<srv:operatesOn xlink:href="https://geoportal.statistics.gov.uk/Docs/Lookups/Local_authority_districts_(2011)_to_Westminster_parliamentary_constituencies_(2011)_UK_lookup.zip"/>
		</srv:SV_ServiceIdentification>
	</gmd:identificationInfo>
	<gmd:distributionInfo>
		<gmd:MD_Distribution>
			<gmd:distributionFormat>
				<gmd:MD_Format>
					<gmd:name>
						<gco:CharacterString>ArcGIS</gco:CharacterString>
					</gmd:name>
					<gmd:version>
						<gco:CharacterString>10.1</gco:CharacterString>
					</gmd:version>
				</gmd:MD_Format>
			</gmd:distributionFormat>
			<gmd:transferOptions>
				<gmd:MD_DigitalTransferOptions>
					<gmd:onLine>
						<gmd:CI_OnlineResource>
							<gmd:linkage>
								<gmd:URL>https://geoportal.statistics.gov.uk/Docs/Lookups/Local_authority_districts_(2011)_to_Westminster_parliamentary_constituencies_(2011)_UK_lookup.zip</gmd:URL>
							</gmd:linkage>
							<gmd:function>
								<gmd:CI_OnLineFunctionCode codeSpace="ISOTC211/19115" codeList="http://www.isotc211.org/2005/resources/Codelist/gmxCodelists.xml#CI_OnLineFunctionCode" codeListValue="download">download</gmd:CI_OnLineFunctionCode>
							</gmd:function>
						</gmd:CI_OnlineResource>
					</gmd:onLine>
					<gmd:onLine>
						<gmd:CI_OnlineResource>
							<gmd:linkage>
								<gmd:URL>http://www.ons.gov.uk/ons/guide-method/geography/beginner-s-guide/administrative/index.html</gmd:URL>
							</gmd:linkage>
							<gmd:function>
								<gmd:CI_OnLineFunctionCode codeSpace="ISOTC211/19115" codeList="http://www.isotc211.org/2005/resources/Codelist/gmxCodelists.xml#CI_OnLineFunctionCode" codeListValue="information">information</gmd:CI_OnLineFunctionCode>
							</gmd:function>
						</gmd:CI_OnlineResource>
					</gmd:onLine>
					<gmd:onLine>
						<gmd:CI_OnlineResource>
							<gmd:linkage>
								<gmd:URL>http://www.ons.gov.uk/ons/guide-method/geography/beginner-s-guide/electoral/index.html</gmd:URL>
							</gmd:linkage>
							<gmd:function>
								<gmd:CI_OnLineFunctionCode codeSpace="ISOTC211/19115" codeList="http://www.isotc211.org/2005/resources/Codelist/gmxCodelists.xml#CI_OnLineFunctionCode" codeListValue="information">information</gmd:CI_OnLineFunctionCode>
							</gmd:function>
						</gmd:CI_OnlineResource>
					</gmd:onLine>
					<gmd:onLine>
						<gmd:CI_OnlineResource>
							<gmd:linkage>
								<gmd:URL>http://www.ons.gov.uk/ons/guide-method/geography/products/names--codes-and-look-ups/code-history-database/index.html</gmd:URL>
							</gmd:linkage>
							<gmd:function>
								<gmd:CI_OnLineFunctionCode codeSpace="ISOTC211/19115" codeList="http://www.isotc211.org/2005/resources/Codelist/gmxCodelists.xml#CI_OnLineFunctionCode" codeListValue="information">information</gmd:CI_OnLineFunctionCode>
							</gmd:function>
						</gmd:CI_OnlineResource>
					</gmd:onLine>
				</gmd:MD_DigitalTransferOptions>
			</gmd:transferOptions>
		</gmd:MD_Distribution>
	</gmd:distributionInfo>
	<gmd:dataQualityInfo>
		<gmd:DQ_DataQuality>
			<gmd:scope>
				<gmd:DQ_Scope>
					<gmd:level>
						<gmd:MD_ScopeCode codeSpace="ISOTC211/19115" codeList="http://www.isotc211.org/2005/resources/Codelist/gmxCodelists.xml#MD_ScopeCode" codeListValue="service">service</gmd:MD_ScopeCode>
					</gmd:level>
				</gmd:DQ_Scope>
			</gmd:scope>
			<gmd:report>
				<gmd:DQ_DomainConsistency>
					<gmd:result>
						<gmd:DQ_ConformanceResult>
							<gmd:specification>
								<gmd:CI_Citation>
									<gmd:title>
										<gco:CharacterString>COMMISSION REGULATION (EU) No 1089/2010 of 23 November 2010 implementing Directive 2007/2/EC of the European Parliament and of the Council as regards interoperability of spatial data sets and services</gco:CharacterString>
									</gmd:title>
									<gmd:date>
										<gmd:CI_Date>
											<gmd:date>
												<gco:Date>2010-12-08</gco:Date>
											</gmd:date>
											<gmd:dateType>
												<gmd:CI_DateTypeCode codeSpace="ISOTC211/19115" codeList="http://www.isotc211.org/2005/resources/Codelist/gmxCodelists.xml#CI_DateTypeCode" codeListValue="publication">publication</gmd:CI_DateTypeCode>
											</gmd:dateType>
										</gmd:CI_Date>
									</gmd:date>
								</gmd:CI_Citation>
							</gmd:specification>
							<gmd:explanation>
								<gco:CharacterString>http://eur-lex.europa.eu/LexUriServ/LexUriServ.do?uri=OJ:L:2010:323:0011:0102:EN:PDF</gco:CharacterString>
							</gmd:explanation>
							<gmd:pass>
								<gco:Boolean>true</gco:Boolean>
							</gmd:pass>
						</gmd:DQ_ConformanceResult>
					</gmd:result>
				</gmd:DQ_DomainConsistency>
			</gmd:report>
			<gmd:lineage>
				<gmd:LI_Lineage>
					<gmd:statement>
						<gco:CharacterString>The England, Wales and Northern Ireland Local authority district nine character and old style codes have been created by ONS. The England, Wales and Northern Ireland local authority district names are statutory names taken from the Statutory Instrument (SI). The Scotland council area names, nine character and old style codes have been sourced from the National Records of Scotland (NRS).  The England, Wales and Northern Ireland Westminster parliamentary constituency nine character and old style codes were created by ONS.  The England,  Wales and Northern Ireland Westminster parliamentary constituency names were taken from the SI.  The Scottish Westminster parliamentary constituency nine character and old style codes and names were sourced from National Records of Scotland (NRS).</gco:CharacterString>
					</gmd:statement>
				</gmd:LI_Lineage>
			</gmd:lineage>
		</gmd:DQ_DataQuality>
	</gmd:dataQualityInfo>
</gmd:MD_Metadata>

