Area code,Area name,,,2000-02,Rank,,2001-03,Rank,,2002-04,Rank,,2003-05,Rank,,2004-06,Rank,,2005-07,Rank,,2006-08,Rank,,2007-09,Rank,,2008-10,Rank,,2009-11,Rank,,2010-12,Rank,,,
K04000001,ENGLAND AND WALES,,,75.9,,,76.1,,,76.4,,,76.8,,,77.2,,,77.5,,,77.8,,,78.1,,,78.4,,,78.8,,,79.1,,,,
E92000001,ENGLAND,,,76.0,,,76.2,,,76.5,,,76.9,,,77.3,,,77.6,,,77.9,,,78.2,,,78.5,,,78.9,,,79.2,,,,
E06000047,,County Durham UA ,,74.7,287,,74.9,286,,75.3,287,,75.6,283,,75.9,281,,76.5,269,,76.8,268,,76.9,275,,77.1,291,,77.5,292,,77.9,280,,,
E06000005,,Darlington UA,,74.5,295,,74.8,292,,74.8,304,,75.3,293,,75.3,314,,76.4,275,,76.5,283,,76.8,283,,77.3,276,,78.0,260,,78.7,234,,,
E06000001,,Hartlepool UA,,73.1,339,,73.4,337,,73.4,341,,74.2,338,,74.5,335,,75.1,330,,75.3,329,,75.5,328,,76.1,325,,76.6,320,,77.4,315,,,
E06000002,,Middlesbrough UA,,73.5,332,,73.7,331,,74.0,334,,74.0,339,,74.4,340,,74.8,335,,75.2,334,,75.4,334,,75.7,334,,75.8,340,,76.3,340,,,
E06000048,,Northumberland UA ,,75.8,222,,75.9,219,,76.0,232,,76.6,216,,77.2,213,,77.6,204,,77.9,197,,78.4,187,,78.6,193,,78.7,208,,78.8,224,,,
E06000003,,Redcar and Cleveland UA,,75.1,268,,75.1,275,,74.9,299,,75.1,306,,75.9,283,,76.6,264,,77.0,253,,77.5,238,,78.0,228,,78.4,228,,78.7,236,,,
E06000004,,Stockton-on-Tees UA,,75.2,259,,75.3,260,,75.4,276,,75.6,281,,75.8,289,,76.3,289,,76.2,297,,76.7,286,,77.3,272,,78.1,253,,78.3,254,,,
E08000020,,,Gateshead,74.0,318,,74.2,316,,74.6,312,,75.1,308,,75.4,308,,75.9,299,,76.3,286,,76.6,292,,77.0,295,,76.9,315,,77.2,320,,,
E08000021,,,Newcastle upon Tyne,74.0,316,,74.2,315,,74.3,323,,74.7,322,,75.0,325,,75.5,318,,75.4,323,,75.9,318,,76.4,319,,77.2,306,,77.5,307,,,
E08000022,,,North Tyneside,75.1,263,,75.2,272,,75.0,294,,75.6,276,,76.2,270,,76.7,258,,76.6,280,,76.8,285,,77.2,282,,77.8,268,,78.1,267,,,
E08000023,,,South Tyneside,74.0,321,,74.0,322,,74.6,313,,74.7,323,,75.1,323,,75.4,319,,76.0,305,,76.2,309,,76.5,315,,76.6,322,,76.8,331,,,
E08000024,,,Sunderland,73.7,324,,74.1,321,,74.5,317,,75.2,304,,75.4,313,,75.5,314,,75.3,333,,75.7,324,,76.0,327,,76.7,318,,77.0,325,,,
E06000008,,Blackburn with Darwen UA,,73.1,341,,74.0,323,,74.0,331,,74.5,330,,74.4,338,,74.4,341,,74.7,340,,74.9,339,,75.4,340,,75.7,341,,76.5,337,,,
E06000009,,Blackpool UA,,71.7,345,,72.0,345,,72.9,345,,73.2,345,,73.4,345,,73.2,345,,73.7,345,,73.8,345,,73.8,345,,73.8,346,,74.0,346,,,
E06000049,,Cheshire East UA ,,76.7,154,,76.9,160,,77.3,147,,77.7,138,,78.0,142,,78.4,147,,78.7,151,,79.1,135,,79.5,123,,80.1,112,,80.4,99,,,
E06000050,,Cheshire West and Chester UA ,,76.5,162,,76.6,178,,76.5,197,,77.1,188,,77.3,207,,77.8,190,,78.1,190,,78.8,164,,79.1,157,,79.3,174,,79.2,200,,,
E06000006,,Halton UA,,73.7,325,,73.9,325,,74.2,325,,74.5,326,,74.4,337,,74.7,339,,75.0,337,,75.4,331,,75.9,330,,76.5,325,,77.1,321,,,
E06000007,,Warrington UA,,75.5,244,,75.7,237,,75.8,254,,76.0,263,,76.2,269,,76.3,284,,76.7,269,,77.5,239,,77.9,233,,78.1,250,,78.2,265,,,
E07000026,,,Allerdale,75.6,230,,76.2,205,,76.5,201,,76.3,243,,76.7,246,,77.0,243,,77.5,223,,77.9,214,,77.8,237,,78.1,252,,78.2,262,,,
E07000027,,,Barrow-in-Furness,74.0,320,,74.1,320,,74.0,332,,74.9,316,,75.2,316,,75.8,304,,76.2,300,,76.8,280,,77.4,269,,77.3,303,,77.1,323,,,
E07000028,,,Carlisle,75.5,237,,75.7,238,,75.8,257,,75.9,269,,76.3,262,,76.9,248,,77.2,239,,77.3,253,,77.5,258,,78.2,243,,78.5,244,,,
E07000029,,,Copeland,74.5,293,,75.2,267,,75.8,252,,76.0,257,,76.5,257,,76.6,260,,77.2,240,,77.6,223,,77.9,235,,78.0,255,,77.6,297,,,
E07000030,,,Eden,77.6,80,,78.4,48,,78.4,59,,78.1,112,,78.2,125,,78.2,161,,79.0,118,,79.6,95,,80.1,84,,80.3,93,,80.3,106,,,
E07000031,,,South Lakeland,77.6,76,,77.9,74,,78.1,83,,78.6,68,,78.8,86,,79.4,65,,79.4,88,,79.4,112,,79.6,118,,80.3,95,,80.9,63,,,
E08000001,,,Bolton,74.4,301,,74.3,311,,74.5,319,,74.6,324,,75.3,315,,75.3,324,,75.6,319,,75.8,319,,76.7,310,,77.2,305,,77.4,313,,,
E08000002,,,Bury,75.0,272,,75.5,253,,75.4,277,,75.8,271,,76.0,275,,76.5,268,,76.6,276,,77.2,261,,77.5,256,,78.0,259,,78.0,270,,,
E08000003,,,Manchester,71.4,346,,71.8,346,,72.2,346,,72.4,346,,72.8,346,,73.2,346,,73.5,346,,73.7,346,,73.7,346,,74.1,345,,74.8,345,,,
E08000004,,,Oldham ,73.5,330,,73.7,328,,73.8,337,,74.2,337,,74.6,332,,75.2,326,,75.3,328,,75.5,330,,75.7,335,,76.3,330,,77.1,322,,,
E08000005,,,Rochdale,74.0,315,,73.8,327,,74.0,330,,74.3,334,,74.9,329,,75.1,331,,75.6,321,,75.8,321,,76.3,320,,76.3,328,,76.8,329,,,
E08000006,,,Salford,73.2,338,,73.2,341,,73.4,340,,73.8,341,,74.2,343,,74.6,340,,74.5,342,,74.7,343,,74.8,344,,75.6,344,,76.1,342,,,
E08000007,,,Stockport,75.9,216,,76.1,212,,76.5,202,,76.9,202,,77.2,216,,77.5,209,,78.0,191,,78.2,197,,78.8,184,,79.3,175,,79.8,154,,,
E08000008,,,Tameside,73.3,337,,73.6,334,,74.1,327,,74.5,327,,74.9,328,,75.3,322,,75.6,320,,75.7,322,,75.6,337,,75.9,337,,76.3,339,,,
E08000009,,,Trafford,76.4,175,,76.6,177,,77.3,145,,77.3,174,,77.8,167,,77.8,189,,78.3,178,,78.7,169,,79.0,167,,79.5,151,,79.6,163,,,
E08000010,,,Wigan,74.2,306,,74.4,308,,74.7,307,,75.1,310,,75.4,311,,75.5,316,,75.7,316,,76.0,314,,76.7,311,,77.1,313,,77.4,317,,,
E07000117,,,Burnley,74.4,299,,74.4,309,,74.1,329,,74.5,329,,75.2,318,,75.3,323,,75.3,327,,75.1,336,,75.5,338,,75.6,343,,75.7,344,,,
E07000118,,,Chorley,75.6,228,,76.3,197,,76.1,228,,76.4,233,,76.7,244,,77.4,213,,77.2,244,,77.5,233,,77.6,252,,78.5,220,,79.0,216,,,
E07000119,,,Fylde,76.5,161,,76.9,157,,77.0,164,,77.7,136,,78.1,139,,78.6,127,,78.5,165,,78.7,170,,79.2,152,,78.9,193,,79.1,212,,,
E07000120,,,Hyndburn,74.3,305,,74.8,291,,74.9,298,,75.2,305,,75.2,319,,75.3,321,,75.2,335,,74.9,341,,75.3,342,,75.8,339,,76.5,336,,,
E07000121,,,Lancaster,74.8,282,,74.9,287,,75.7,263,,75.9,265,,76.3,263,,76.6,261,,76.7,270,,77.2,263,,77.3,275,,77.5,290,,77.4,314,,,
E07000122,,,Pendle,74.9,280,,74.8,290,,75.3,283,,75.3,295,,75.5,305,,75.9,300,,76.3,290,,76.8,284,,77.2,278,,77.7,277,,77.9,282,,,
E07000123,,,Preston,74.6,291,,74.4,310,,74.7,306,,74.5,328,,75.2,320,,75.1,328,,75.3,331,,75.6,326,,76.1,324,,77.2,311,,77.4,318,,,
E07000124,,,Ribble Valley,76.6,160,,76.6,176,,76.4,208,,77.4,158,,77.6,182,,78.8,113,,79.2,102,,79.2,129,,79.0,171,,79.3,173,,80.5,98,,,
E07000125,,,Rossendale,74.5,297,,74.4,306,,74.6,309,,75.0,314,,75.8,291,,75.6,312,,75.9,309,,75.2,335,,76.0,328,,76.2,333,,77.6,296,,,
E07000126,,,South Ribble,76.0,207,,76.5,182,,77.2,153,,77.7,141,,77.5,190,,77.5,210,,77.8,203,,78.4,188,,79.4,131,,79.7,136,,80.1,126,,,
E07000127,,,West Lancashire,75.2,258,,75.7,233,,75.7,260,,76.2,251,,76.4,259,,77.7,203,,77.7,208,,78.3,193,,78.0,227,,78.5,222,,78.7,233,,,
E07000128,,,Wyre,75.5,239,,75.9,223,,75.9,245,,75.9,266,,76.8,235,,77.1,236,,77.7,213,,77.6,224,,78.2,215,,78.3,237,,78.2,260,,,
E08000011,,,Knowsley ,72.9,342,,73.4,338,,73.6,339,,73.9,340,,74.3,341,,74.8,336,,75.4,325,,75.8,320,,76.2,322,,76.4,327,,76.6,334,,,
E08000012,,,Liverpool,72.6,344,,72.7,344,,73.2,343,,73.4,344,,74.0,344,,74.2,344,,74.6,341,,74.8,342,,75.2,343,,75.7,342,,76.1,341,,,
E08000014,,,Sefton,74.9,274,,75.1,278,,75.6,268,,75.9,268,,76.2,267,,76.6,266,,77.1,250,,77.3,255,,77.2,286,,77.4,295,,77.5,306,,,
E08000013,,,St. Helens,74.3,303,,74.3,312,,75.1,291,,75.3,296,,75.4,312,,75.4,320,,75.8,310,,76.0,316,,76.4,317,,77.3,301,,78.0,271,,,
E08000015,,,Wirral,74.9,281,,75.2,266,,75.4,274,,75.6,282,,75.8,293,,75.9,302,,76.2,298,,76.6,295,,77.3,270,,77.6,289,,77.9,279,,,
E06000011,,East Riding of Yorkshire UA,,77.1,118,,77.2,133,,77.4,141,,77.6,147,,78.0,147,,78.5,130,,78.7,147,,79.1,132,,79.0,164,,79.4,164,,79.6,168,,,
E06000010,,"Kingston upon Hull, City of UA",,73.7,326,,73.7,329,,74.3,324,,74.3,335,,74.6,333,,74.7,338,,74.8,339,,75.0,337,,75.5,339,,75.9,336,,76.6,335,,,
E06000012,,North East Lincolnshire UA,,74.5,296,,74.6,301,,75.0,295,,75.3,290,,75.9,286,,76.0,295,,75.9,308,,76.0,315,,76.6,313,,77.7,279,,77.9,284,,,
E06000013,,North Lincolnshire UA,,75.5,243,,75.5,252,,75.9,240,,76.2,249,,76.8,231,,77.2,227,,77.3,234,,77.6,232,,77.9,234,,78.5,225,,78.3,251,,,
E06000014,,York UA,,76.9,144,,76.8,163,,77.3,149,,77.3,176,,77.8,162,,78.5,135,,79.3,97,,79.5,106,,79.6,112,,79.4,169,,79.6,172,,,
E07000163,,,Craven,77.9,56,,78.3,50,,78.7,44,,79.0,47,,79.0,70,,79.4,70,,79.3,96,,80.0,69,,79.8,99,,80.4,83,,80.6,82,,,
E07000164,,,Hambleton,77.9,54,,78.2,54,,78.4,56,,78.5,75,,79.3,51,,79.2,83,,80.3,28,,80.4,37,,81.2,19,,81.2,34,,81.3,41,,,
E07000165,,,Harrogate,77.3,106,,77.5,106,,77.7,112,,78.5,77,,78.9,77,,79.4,58,,79.2,104,,79.3,124,,79.4,128,,80.3,92,,80.6,85,,,
E07000166,,,Richmondshire,76.8,150,,77.1,142,,77.8,106,,78.4,86,,78.7,93,,79.4,66,,79.1,113,,79.4,114,,78.9,176,,79.6,143,,80.2,120,,,
E07000167,,,Ryedale,78.1,39,,77.9,79,,77.9,97,,77.8,123,,78.6,105,,78.4,145,,79.2,98,,79.2,126,,80.2,70,,80.7,61,,80.7,74,,,
E07000168,,,Scarborough,76.0,206,,76.6,180,,75.9,238,,76.0,262,,76.1,274,,76.8,255,,77.4,231,,77.8,217,,78.3,211,,77.9,264,,77.9,287,,,
E07000169,,,Selby,77.0,135,,76.9,159,,77.1,159,,77.7,140,,77.9,160,,78.2,165,,78.4,167,,78.9,150,,80.0,89,,79.6,141,,79.4,180,,,
E08000016,,,Barnsley,74.4,300,,74.6,299,,75.0,296,,75.0,312,,75.4,310,,75.6,313,,76.1,301,,76.5,299,,77.0,292,,77.4,298,,77.8,288,,,
E08000017,,,Doncaster,74.9,277,,75.1,281,,75.1,289,,75.4,288,,75.8,292,,76.0,294,,76.2,299,,76.5,298,,77.0,294,,77.6,286,,77.5,305,,,
E08000018,,,Rotherham ,75.2,256,,75.2,271,,75.1,292,,75.3,291,,75.9,287,,76.3,286,,76.6,275,,76.7,287,,77.3,277,,77.8,269,,78.0,277,,,
E08000019,,,Sheffield,75.4,249,,75.7,234,,76.1,225,,76.6,218,,77.0,222,,77.2,226,,77.5,224,,77.7,222,,78.1,221,,78.4,230,,78.7,231,,,
E08000032,,,Bradford ,74.2,310,,74.6,297,,74.9,297,,75.4,289,,75.5,303,,75.9,297,,76.1,302,,76.5,302,,76.7,309,,77.2,308,,77.5,310,,,
E08000033,,,Calderdale,75.4,246,,75.3,259,,75.3,284,,75.7,275,,75.9,279,,76.6,263,,76.9,261,,77.1,268,,76.9,298,,77.0,314,,77.5,308,,,
E08000034,,,Kirklees ,75.0,270,,75.0,282,,75.4,280,,76.0,261,,76.3,265,,76.6,265,,76.6,272,,76.9,277,,77.2,280,,77.6,283,,78.2,261,,,
E08000035,,,Leeds ,75.4,250,,75.5,251,,75.8,256,,76.1,253,,76.5,254,,76.7,257,,76.8,266,,77.3,256,,77.5,262,,77.9,262,,78.0,272,,,
E08000036,,,Wakefield,74.7,288,,75.1,280,,75.4,278,,75.7,274,,75.8,288,,76.2,290,,76.2,295,,76.5,301,,76.9,299,,77.5,293,,77.8,291,,,
E06000015,,Derby UA ,,75.6,232,,75.9,222,,76.1,230,,76.5,226,,76.7,242,,76.8,253,,77.0,259,,77.1,265,,77.5,261,,78.2,245,,78.6,238,,,
E06000016,,Leicester UA,,74.2,311,,74.2,314,,74.6,314,,74.8,320,,75.5,306,,75.6,309,,75.8,311,,75.7,323,,75.8,332,,76.3,331,,77.0,326,,,
E06000018,,Nottingham UA,,73.4,333,,73.0,342,,73.4,342,,73.6,343,,74.5,336,,74.8,337,,75.3,332,,75.4,333,,75.9,329,,76.2,332,,76.9,328,,,
E06000017,,Rutland UA ,,79.6,1,,79.2,11,,79.6,6,,79.5,16,,80.5,4,,80.0,28,,79.9,52,,80.3,47,,81.2,16,,81.9,6,,81.0,54,,,
E07000032,,,Amber Valley,76.0,203,,76.5,185,,76.8,179,,77.1,185,,77.7,177,,78.0,179,,78.1,189,,78.2,196,,78.5,199,,78.7,213,,79.2,205,,,
E07000033,,,Bolsover,75.1,265,,74.9,288,,74.6,310,,75.2,299,,76.0,278,,76.4,272,,76.2,294,,76.6,296,,77.1,289,,77.6,284,,77.9,283,,,
E07000034,,,Chesterfield,74.9,278,,74.8,289,,75.6,267,,75.9,267,,76.8,234,,76.9,245,,77.4,232,,77.3,254,,77.2,285,,77.3,302,,77.7,293,,,
E07000035,,,Derbyshire Dales,77.7,66,,77.2,132,,77.7,113,,78.2,104,,78.9,75,,79.1,88,,79.3,92,,80.0,67,,80.8,36,,81.0,44,,81.1,48,,,
E07000036,,,Erewash,75.8,221,,75.9,225,,76.6,196,,77.1,187,,77.4,201,,77.3,221,,77.4,229,,78.6,178,,79.0,172,,80.0,120,,79.8,153,,,
E07000037,,,High Peak,76.0,210,,76.6,181,,77.1,157,,77.5,155,,77.9,155,,77.8,191,,78.0,193,,78.1,206,,78.8,183,,79.4,168,,80.0,137,,,
E07000038,,,North East Derbyshire,76.5,167,,76.9,155,,76.8,176,,77.3,166,,77.5,188,,78.0,177,,78.3,174,,78.8,166,,79.6,117,,79.5,156,,79.7,159,,,
E07000039,,,South Derbyshire,76.3,180,,76.4,189,,76.8,174,,77.3,171,,77.9,159,,77.8,187,,77.9,200,,78.0,212,,78.7,191,,79.2,179,,79.4,182,,,
E07000129,,,Blaby,78.7,13,,78.9,15,,78.5,55,,79.1,41,,79.3,49,,79.8,36,,79.6,74,,79.7,87,,79.4,129,,80.2,97,,80.7,73,,,
E07000130,,,Charnwood,77.4,101,,77.3,129,,77.3,143,,77.3,177,,77.9,156,,78.4,142,,78.9,126,,79.5,108,,79.3,141,,79.4,167,,79.6,165,,,
E07000131,,,Harborough,78.0,50,,78.2,56,,78.8,37,,78.8,60,,79.7,24,,79.5,56,,80.0,45,,79.5,101,,79.9,92,,80.3,94,,80.3,105,,,
E07000132,,,Hinckley and Bosworth,77.7,68,,77.9,80,,78.0,88,,78.5,80,,78.9,79,,79.4,63,,79.5,83,,79.7,89,,79.7,108,,80.0,116,,80.2,115,,,
E07000133,,,Melton,77.1,125,,77.6,102,,77.9,96,,78.5,74,,78.5,113,,79.1,95,,79.0,121,,80.1,60,,80.2,73,,80.2,100,,80.2,119,,,
E07000134,,,North West Leicestershire,77.0,128,,77.3,128,,77.0,165,,77.0,194,,77.2,212,,77.8,196,,77.9,199,,78.6,179,,79.0,165,,79.5,158,,79.4,186,,,
E07000135,,,Oadby and Wigston,78.2,38,,78.4,44,,78.1,84,,78.0,116,,78.1,134,,79.2,86,,79.9,46,,79.6,92,,79.1,161,,79.0,192,,80.1,123,,,
E07000136,,,Boston,76.2,193,,75.6,245,,75.4,282,,75.6,279,,75.9,282,,76.4,274,,76.5,281,,76.7,289,,77.5,260,,78.1,249,,78.8,226,,,
E07000137,,,East Lindsey,76.4,173,,76.4,188,,76.4,207,,77.0,193,,77.1,219,,77.2,224,,77.1,247,,77.3,258,,77.4,268,,77.7,281,,77.8,290,,,
E07000138,,,Lincoln,74.6,292,,75.2,274,,75.7,262,,76.3,240,,76.2,268,,76.4,273,,76.4,284,,76.9,276,,77.1,287,,77.2,309,,77.7,295,,,
E07000139,,,North Kesteven,77.0,139,,77.6,103,,77.1,160,,77.8,128,,78.1,141,,79.3,79,,78.9,134,,79.3,118,,79.6,115,,80.3,89,,80.7,80,,,
E07000140,,,South Holland,76.4,170,,76.7,166,,76.7,188,,77.3,172,,77.7,173,,78.1,167,,78.2,183,,78.4,190,,78.9,180,,79.4,162,,79.6,171,,,
E07000141,,,South Kesteven,76.9,141,,77.3,118,,77.8,105,,77.8,130,,77.9,158,,77.7,198,,78.3,175,,79.1,139,,79.7,101,,80.2,96,,80.1,125,,,
E07000142,,,West Lindsey,76.1,200,,76.3,196,,76.2,220,,76.7,210,,77.4,199,,78.4,138,,79.0,122,,79.1,137,,79.3,140,,79.2,181,,79.4,188,,,
E07000150,,,Corby,73.7,323,,74.2,317,,74.3,322,,74.4,333,,74.3,342,,74.4,342,,74.3,344,,74.3,344,,75.3,341,,76.2,334,,77.3,319,,,
E07000151,,,Daventry,77.1,122,,77.5,110,,77.6,122,,77.8,125,,78.3,122,,78.4,143,,78.4,171,,78.9,153,,79.4,127,,79.9,127,,79.5,177,,,
E07000152,,,East Northamptonshire,77.0,127,,77.3,122,,77.4,137,,77.3,167,,78.1,136,,78.8,109,,79.3,91,,79.3,122,,79.6,114,,79.7,138,,80.0,135,,,
E07000153,,,Kettering,76.0,209,,76.6,179,,76.6,193,,76.9,199,,77.3,204,,77.8,192,,78.7,152,,78.4,186,,78.6,194,,78.4,229,,79.2,202,,,
E07000154,,,Northampton,75.7,224,,75.8,232,,76.1,231,,76.6,215,,76.7,238,,77.0,240,,77.0,255,,77.6,230,,77.2,279,,77.6,288,,77.4,312,,,
E07000155,,,South Northamptonshire,77.6,81,,78.0,64,,78.4,63,,78.9,52,,79.7,26,,79.9,35,,79.9,47,,80.2,51,,80.6,44,,81.4,24,,82.2,4,,,
E07000156,,,Wellingborough,75.6,233,,75.8,226,,75.6,265,,76.6,214,,77.3,205,,77.6,205,,77.5,222,,78.2,198,,79.0,166,,79.5,152,,80.0,134,,,
E07000170,,,Ashfield,74.1,312,,74.4,307,,74.8,302,,75.2,301,,75.6,301,,76.0,292,,76.5,282,,77.1,270,,76.9,300,,77.4,296,,77.6,301,,,
E07000171,,,Bassetlaw,74.9,279,,75.3,265,,75.8,251,,76.5,220,,76.7,247,,76.8,254,,77.0,254,,77.6,229,,77.9,232,,78.3,240,,78.6,240,,,
E07000172,,,Broxtowe,76.3,184,,76.9,156,,77.4,138,,78.1,109,,78.5,107,,78.7,119,,78.8,137,,79.1,131,,79.2,147,,79.7,139,,80.0,136,,,
E07000173,,,Gedling,77.7,69,,77.6,98,,77.8,104,,78.1,111,,78.5,115,,78.5,133,,78.3,181,,78.8,163,,79.1,154,,80.1,106,,80.5,93,,,
E07000174,,,Mansfield,75.4,253,,75.2,270,,75.5,271,,75.5,287,,75.9,280,,75.6,308,,76.2,296,,76.6,294,,77.4,264,,77.9,266,,78.3,255,,,
E07000175,,,Newark and Sherwood,75.9,211,,76.2,208,,76.6,192,,77.2,183,,77.7,171,,77.7,201,,77.4,228,,77.6,231,,78.0,224,,78.7,205,,79.3,195,,,
E07000176,,,Rushcliffe,77.9,60,,78.3,51,,78.8,35,,79.2,31,,79.5,33,,79.7,42,,80.1,40,,80.4,40,,80.4,63,,80.8,52,,80.9,59,,,
E06000019,,"Herefordshire, County of UA",,77.3,109,,77.2,134,,77.4,139,,77.5,152,,77.8,168,,78.0,178,,78.5,164,,79.0,145,,79.2,151,,79.4,165,,79.7,157,,,
E06000051,,Shropshire UA ,,76.5,164,,76.9,158,,77.2,156,,77.6,145,,78.0,143,,78.5,136,,78.7,145,,79.0,149,,79.0,168,,79.6,144,,79.8,151,,,
E06000021,,Stoke-on-Trent UA,,73.5,331,,73.3,340,,73.2,344,,73.7,342,,74.5,334,,75.0,334,,75.4,324,,75.5,329,,76.2,321,,76.5,324,,76.7,332,,,
E06000020,,Telford and Wrekin UA,,75.6,227,,75.8,227,,76.4,210,,76.5,225,,76.9,226,,76.8,250,,77.2,242,,77.2,264,,77.3,273,,77.4,297,,77.9,285,,,
E07000192,,,Cannock Chase,75.1,266,,75.2,268,,75.5,269,,75.5,286,,75.6,298,,76.3,287,,76.3,291,,77.2,259,,77.4,265,,78.5,221,,78.7,230,,,
E07000193,,,East Staffordshire,74.7,284,,75.0,283,,75.9,239,,76.2,247,,76.8,232,,76.9,249,,77.0,257,,77.4,240,,77.5,259,,78.0,257,,78.5,246,,,
E07000194,,,Lichfield,76.3,183,,76.4,187,,76.3,214,,76.8,205,,78.1,138,,78.5,131,,78.8,142,,78.6,173,,78.8,182,,79.4,170,,79.9,146,,,
E07000195,,,Newcastle-under-Lyme,75.7,225,,75.8,229,,75.9,242,,76.0,258,,76.8,236,,76.5,271,,76.9,262,,77.0,272,,78.1,222,,78.6,218,,78.9,221,,,
E07000196,,,South Staffordshire,77.4,99,,77.5,108,,77.4,135,,77.2,181,,77.4,196,,78.1,171,,78.9,131,,79.1,140,,78.9,175,,79.6,142,,80.1,130,,,
E07000197,,,Stafford,76.7,155,,76.7,169,,76.9,169,,77.4,161,,77.6,181,,78.1,174,,78.3,177,,78.8,156,,79.3,144,,80.1,110,,80.3,104,,,
E07000198,,,Staffordshire Moorlands,76.4,172,,76.3,200,,76.9,171,,77.0,195,,77.5,192,,78.1,173,,78.4,168,,78.7,171,,78.5,198,,79.1,190,,79.6,175,,,
E07000199,,,Tamworth,74.7,285,,75.2,269,,76.2,219,,77.6,148,,77.9,154,,78.0,181,,77.8,205,,78.1,205,,78.1,220,,78.8,200,,79.4,181,,,
E07000218,,,North Warwickshire,76.1,197,,75.5,247,,76.3,215,,76.5,224,,77.7,176,,77.3,217,,77.6,216,,77.4,248,,77.8,239,,78.3,235,,78.7,232,,,
E07000219,,,Nuneaton and Bedworth,75.2,257,,75.8,231,,76.1,229,,76.1,255,,76.1,271,,76.4,276,,76.6,273,,77.0,274,,77.4,267,,77.8,270,,78.2,266,,,
E07000220,,,Rugby,76.9,143,,77.2,131,,77.2,154,,76.7,207,,77.7,175,,78.3,153,,79.5,78,,79.0,148,,79.1,153,,79.6,145,,80.2,116,,,
E07000221,,,Stratford-on-Avon,77.1,116,,77.9,78,,77.8,102,,78.3,94,,78.7,96,,79.1,93,,79.4,87,,79.6,93,,80.6,46,,80.7,60,,81.0,57,,,
E07000222,,,Warwick,77.6,77,,77.9,81,,77.6,118,,77.7,137,,78.1,133,,78.9,103,,79.1,112,,79.2,128,,79.6,119,,80.3,88,,80.4,100,,,
E08000025,,,Birmingham,73.7,322,,73.9,326,,74.3,321,,74.8,319,,75.2,317,,75.6,310,,75.9,306,,76.5,300,,76.9,305,,77.3,300,,77.6,303,,,
E08000026,,,Coventry,75.3,254,,75.5,249,,75.5,272,,75.3,294,,75.6,300,,76.0,296,,76.3,292,,76.7,290,,77.1,290,,77.6,287,,78.1,268,,,
E08000027,,,Dudley ,75.6,231,,75.7,239,,76.0,235,,76.2,252,,76.6,248,,77.1,232,,77.3,237,,77.8,220,,78.2,219,,78.7,206,,78.9,222,,,
E08000028,,,Sandwell ,73.7,327,,73.7,330,,74.1,328,,74.4,332,,74.4,339,,74.3,343,,74.4,343,,75.0,338,,75.6,336,,76.3,329,,76.8,330,,,
E08000029,,,Solihull,77.1,126,,77.6,101,,78.2,76,,78.5,82,,78.4,116,,78.5,137,,78.9,132,,80.1,63,,80.7,42,,81.0,42,,80.7,79,,,
E08000030,,,Walsall,74.8,283,,75.4,255,,75.7,264,,75.8,272,,75.8,295,,75.8,306,,75.9,307,,76.3,307,,77.0,297,,77.3,299,,77.9,281,,,
E08000031,,,Wolverhampton,74.5,298,,74.4,305,,74.5,316,,75.0,313,,75.4,309,,75.7,307,,75.7,312,,76.3,306,,76.8,307,,77.3,304,,77.4,316,,,
E07000234,,,Bromsgrove,77.5,88,,77.7,92,,77.7,109,,77.8,127,,78.6,98,,79.2,84,,79.7,70,,79.5,103,,79.7,103,,80.7,65,,80.4,103,,,
E07000235,,,Malvern Hills,78.0,49,,77.6,100,,77.7,114,,77.5,149,,78.5,114,,78.6,126,,79.2,99,,79.1,134,,79.7,104,,79.8,130,,80.4,102,,,
E07000236,,,Redditch,77.1,121,,77.0,151,,77.0,166,,76.5,223,,76.8,229,,77.3,222,,77.6,217,,78.1,207,,78.2,218,,78.7,209,,78.9,218,,,
E07000237,,,Worcester,75.7,226,,76.2,204,,76.8,173,,77.2,180,,77.7,174,,77.3,219,,77.0,252,,77.1,267,,77.8,246,,78.6,216,,78.8,225,,,
E07000238,,,Wychavon,77.5,86,,77.8,84,,78.8,32,,78.6,70,,78.8,84,,79.0,102,,79.5,77,,80.3,43,,80.4,65,,80.8,50,,80.7,75,,,
E07000239,,,Wyre Forest,76.1,201,,76.0,216,,76.3,217,,76.7,209,,77.6,185,,77.8,197,,78.0,192,,78.0,213,,78.4,203,,78.7,204,,79.2,206,,,
E06000055,,Bedford UA,,76.5,166,,76.9,154,,76.8,177,,77.6,146,,77.6,184,,78.1,170,,78.3,180,,78.4,185,,78.4,202,,78.7,207,,79.3,190,,,
E06000056,,Central Bedfordshire UA ,,77.0,129,,77.1,140,,77.5,124,,77.5,150,,78.0,151,,78.4,141,,79.0,115,,79.3,123,,79.5,121,,80.1,105,,80.5,96,,,
E06000032,,Luton UA,,75.0,273,,75.1,277,,75.4,281,,75.5,284,,75.9,284,,76.3,285,,76.4,285,,76.9,278,,77.2,281,,77.9,263,,78.0,276,,,
E06000031,,Peterborough UA,,75.1,261,,75.3,264,,75.9,248,,76.3,242,,76.8,233,,76.6,262,,77.1,246,,77.4,244,,77.8,240,,77.7,273,,77.9,278,,,
E06000033,,Southend-on-Sea UA,,75.5,238,,75.6,244,,76.3,212,,76.7,208,,77.4,200,,77.3,223,,77.8,206,,77.8,218,,78.2,212,,78.7,212,,79.7,161,,,
E06000034,,Thurrock UA,,75.8,220,,75.7,240,,76.3,218,,76.9,201,,77.6,179,,77.8,188,,77.8,201,,78.0,210,,78.3,204,,78.8,201,,79.2,203,,,
E07000008,,,Cambridge,76.8,151,,77.2,137,,77.4,131,,77.8,131,,78.0,149,,78.0,176,,78.1,186,,78.7,168,,79.2,146,,80.2,98,,79.9,141,,,
E07000009,,,East Cambridgeshire,76.8,148,,77.2,130,,77.6,115,,78.2,100,,79.2,57,,79.8,38,,80.1,38,,80.5,36,,80.9,31,,80.9,45,,81.5,25,,,
E07000010,,,Fenland,74.7,289,,75.0,284,,76.1,226,,76.4,227,,77.4,202,,77.4,214,,77.3,235,,77.3,257,,77.6,253,,78.3,239,,79.1,214,,,
E07000011,,,Huntingdonshire,77.3,108,,77.5,105,,77.9,99,,78.5,78,,78.6,103,,78.7,122,,79.0,120,,79.7,88,,80.4,61,,80.7,64,,80.9,60,,,
E07000012,,,South Cambridgeshire,79.0,8,,79.4,4,,79.1,16,,79.3,26,,79.4,42,,80.6,8,,81.3,6,,81.6,3,,81.3,13,,82.1,3,,82.8,3,,,
E07000066,,,Basildon,76.5,168,,76.6,175,,76.8,178,,77.5,151,,77.5,191,,77.9,182,,78.3,179,,79.1,136,,79.0,170,,79.5,155,,79.5,176,,,
E07000067,,,Braintree,77.1,124,,77.0,152,,77.2,151,,77.7,142,,78.5,108,,78.6,125,,79.0,125,,79.6,94,,79.6,116,,80.0,117,,79.6,167,,,
E07000068,,,Brentwood,78.2,32,,79.4,6,,79.5,8,,79.8,10,,79.7,27,,80.4,13,,79.8,59,,80.8,21,,81.2,22,,82.0,4,,81.4,33,,,
E07000069,,,Castle Point,77.9,58,,77.9,77,,77.7,110,,78.5,76,,79.1,62,,79.5,53,,79.4,84,,79.6,97,,79.6,113,,79.8,128,,79.9,147,,,
E07000070,,,Chelmsford,77.8,64,,78.2,57,,78.8,34,,79.1,44,,79.7,28,,79.9,33,,80.2,31,,80.4,38,,80.7,43,,80.8,54,,80.7,71,,,
E07000071,,,Colchester,77.6,85,,77.6,99,,77.8,100,,77.9,118,,78.0,148,,78.3,156,,78.5,160,,79.2,130,,79.5,126,,79.8,131,,79.7,156,,,
E07000072,,,Epping Forest,77.0,134,,77.6,96,,77.9,98,,77.8,121,,77.9,161,,78.3,148,,78.9,133,,79.5,110,,79.6,111,,80.1,107,,80.2,114,,,
E07000073,,,Harlow,76.0,205,,76.5,186,,76.3,213,,76.7,211,,77.3,210,,77.7,202,,78.1,188,,78.0,211,,78.0,223,,77.9,265,,78.2,263,,,
E07000074,,,Maldon,77.4,103,,78.0,73,,77.4,136,,77.4,163,,77.4,197,,78.4,140,,78.7,150,,78.9,151,,79.5,124,,80.1,109,,80.6,87,,,
E07000075,,,Rochford,77.9,52,,78.5,36,,79.0,25,,79.0,48,,79.3,50,,79.7,43,,79.8,56,,80.3,46,,80.3,67,,81.0,41,,81.2,42,,,
E07000076,,,Tendring,76.0,204,,76.1,211,,76.3,216,,76.4,228,,76.7,240,,77.2,225,,77.7,212,,78.4,191,,78.3,207,,78.1,251,,78.0,275,,,
E07000077,,,Uttlesford,78.9,10,,79.3,8,,80.0,4,,80.1,4,,79.5,36,,79.6,45,,79.8,60,,80.7,23,,81.2,17,,81.4,22,,81.8,16,,,
E07000095,,,Broxbourne,77.4,98,,77.2,138,,77.5,123,,78.3,95,,79.2,60,,79.6,47,,79.5,80,,79.8,82,,80.5,57,,80.8,57,,80.7,77,,,
E07000096,,,Dacorum,77.9,57,,78.5,34,,78.7,40,,79.0,46,,78.8,83,,79.2,85,,79.7,71,,80.5,32,,80.7,40,,80.6,73,,80.3,111,,,
E07000097,,,East Hertfordshire,78.0,45,,78.1,63,,78.7,41,,79.2,30,,79.8,21,,80.0,32,,79.8,58,,79.9,72,,80.1,83,,80.8,48,,81.0,53,,,
E07000098,,,Hertsmere,77.3,104,,77.7,91,,77.2,155,,77.4,162,,77.8,164,,78.7,120,,78.7,148,,78.8,157,,79.1,156,,80.0,119,,80.7,78,,,
E07000099,,,North Hertfordshire,76.8,146,,77.3,120,,77.8,103,,78.0,114,,78.2,129,,78.6,128,,78.7,146,,79.5,111,,79.4,132,,80.1,111,,79.9,140,,,
E07000240,,,St Albans,78.3,27,,78.4,40,,78.1,80,,78.8,59,,79.3,52,,80.2,19,,80.7,15,,81.2,12,,81.4,11,,81.3,28,,81.7,17,,,
E07000101,,,Stevenage,76.3,182,,76.3,202,,76.6,189,,77.0,192,,77.7,178,,77.6,206,,77.4,227,,77.5,236,,78.3,208,,79.1,186,,79.6,169,,,
E07000102,,,Three Rivers,77.4,91,,78.0,65,,78.2,75,,79.2,29,,79.7,25,,80.3,15,,80.3,30,,80.3,50,,79.9,93,,80.2,101,,80.3,109,,,
E07000103,,,Watford,76.3,179,,76.4,191,,76.7,187,,77.1,189,,77.4,194,,77.5,208,,77.6,221,,78.1,203,,79.0,174,,79.2,184,,79.2,201,,,
E07000241,,,Welwyn Hatfield,77.3,110,,77.9,75,,77.8,107,,78.3,98,,78.2,130,,78.7,121,,79.1,108,,79.0,141,,79.3,137,,79.5,159,,80.1,129,,,
E07000143,,,Breckland,76.8,147,,77.1,141,,77.4,140,,78.1,108,,78.5,112,,78.9,105,,79.2,101,,79.5,100,,79.7,100,,79.9,125,,80.1,131,,,
E07000144,,,Broadland,78.3,26,,78.6,29,,78.6,45,,78.6,69,,78.9,76,,79.1,90,,79.7,62,,79.8,77,,80.4,62,,81.2,33,,81.4,31,,,
E07000145,,,Great Yarmouth,75.6,234,,75.9,224,,76.2,222,,76.2,250,,76.6,249,,76.9,247,,77.3,238,,77.5,237,,77.7,250,,77.7,271,,78.0,273,,,
E07000146,,,King’s Lynn and West Norfolk,76.4,176,,76.7,167,,77.2,150,,77.9,119,,78.0,146,,78.3,149,,78.8,144,,79.4,113,,79.3,136,,79.4,166,,79.6,166,,,
E07000147,,,North Norfolk,77.6,82,,78.4,47,,78.4,57,,78.3,93,,77.8,166,,78.2,159,,78.6,157,,79.1,133,,79.6,110,,80.4,84,,80.5,94,,,
E07000148,,,Norwich,76.2,191,,76.3,195,,76.8,182,,76.6,213,,76.7,245,,77.0,239,,77.6,219,,77.4,245,,77.4,266,,77.9,261,,78.9,219,,,
E07000149,,,South Norfolk,79.1,6,,79.4,7,,79.8,5,,80.0,5,,80.2,8,,80.0,30,,80.1,42,,80.3,45,,80.8,38,,81.1,37,,81.3,39,,,
E07000200,,,Babergh,78.2,37,,78.7,24,,78.6,46,,79.0,50,,78.7,94,,79.3,72,,79.0,114,,79.5,109,,80.1,86,,80.9,47,,81.9,12,,,
E07000201,,,Forest Heath,77.1,120,,77.2,135,,77.5,126,,78.0,115,,78.7,91,,78.8,110,,79.0,124,,79.5,102,,79.7,106,,80.2,102,,79.8,155,,,
E07000202,,,Ipswich,76.6,159,,76.7,171,,76.5,203,,77.2,178,,77.9,157,,78.1,168,,78.1,187,,78.1,201,,78.3,209,,78.9,196,,79.3,194,,,
E07000203,,,Mid Suffolk,78.4,22,,78.4,43,,78.9,29,,79.4,17,,79.9,17,,80.2,22,,80.2,36,,80.5,29,,80.8,39,,81.2,35,,81.7,19,,,
E07000204,,,St Edmundsbury,76.8,149,,77.3,119,,77.5,125,,78.2,102,,78.8,85,,79.3,77,,79.9,48,,80.1,58,,81.0,30,,81.3,27,,81.5,24,,,
E07000205,,,Suffolk Coastal,77.8,62,,78.3,52,,79.0,26,,79.2,38,,79.8,22,,80.3,16,,80.6,17,,80.7,25,,80.4,59,,80.6,74,,80.6,81,,,
E07000206,,,Waveney,77.0,136,,77.1,143,,77.5,129,,77.8,124,,78.5,110,,78.6,124,,78.8,136,,78.8,165,,79.3,143,,79.3,176,,79.4,189,,,
E09000007,,,Camden,74.3,304,,74.7,295,,75.5,273,,75.6,277,,76.4,261,,76.9,246,,77.8,207,,78.3,192,,78.9,177,,79.9,126,,80.5,91,,,
E09000001,,,City of London,..,,,..,,,..,,,..,,,..,,,..,,,..,,,..,,,..,,,..,,,..,,,,
E09000012,,,Hackney ,74.2,308,,74.4,304,,74.6,315,,75.0,311,,74.9,327,,75.5,315,,75.7,315,,76.8,279,,77.0,293,,77.7,275,,77.7,294,,,
E09000013,,,Hammersmith and Fulham ,75.5,236,,75.7,242,,76.0,236,,76.3,238,,77.5,186,,77.4,216,,77.4,226,,77.4,243,,78.2,213,,78.6,217,,79.1,213,,,
E09000014,,,Haringey,74.7,290,,74.6,298,,74.7,305,,75.2,297,,76.1,272,,76.3,282,,76.6,274,,77.1,269,,78.0,229,,78.9,195,,79.4,185,,,
E09000019,,,Islington,73.5,329,,73.4,339,,74.0,333,,74.7,321,,75.0,324,,75.3,325,,75.3,326,,75.9,317,,76.7,308,,77.2,307,,77.8,289,,,
E09000020,,,Kensington and Chelsea,78.8,11,,79.4,5,,80.0,3,,80.9,2,,81.7,1,,81.7,1,,81.8,1,,81.5,4,,81.6,7,,81.6,14,,82.1,6,,,
E09000022,,,Lambeth ,73.1,340,,73.5,335,,74.1,326,,74.9,315,,75.1,322,,75.8,305,,75.7,313,,76.4,305,,76.9,301,,77.6,285,,78.2,257,,,
E09000023,,,Lewisham ,74.1,314,,74.5,302,,75.1,288,,75.2,302,,75.8,294,,76.1,291,,76.3,288,,76.5,303,,76.9,303,,77.6,282,,78.2,258,,,
E09000025,,,Newham ,73.3,336,,73.7,332,,74.3,320,,74.8,318,,74.8,330,,75.5,317,,75.7,318,,76.3,308,,76.5,316,,77.5,291,,77.7,292,,,
E09000028,,,Southwark,73.6,328,,74.0,324,,74.7,308,,75.2,300,,76.1,273,,76.3,281,,76.3,287,,76.7,288,,77.0,296,,77.7,280,,78.0,269,,,
E09000030,,,Tower Hamlets,72.7,343,,72.9,343,,73.7,338,,74.6,325,,75.0,326,,75.0,332,,75.0,338,,75.6,327,,76.2,323,,76.7,319,,77.1,324,,,
E09000032,,,Wandsworth,75.4,251,,75.6,243,,76.2,221,,76.3,241,,76.7,239,,77.0,241,,77.6,220,,77.9,215,,78.3,206,,78.9,198,,79.1,210,,,
E09000033,,,Westminster,77.0,132,,77.4,113,,77.7,108,,78.3,97,,79.5,34,,80.5,10,,81.4,3,,81.4,8,,81.4,10,,81.2,30,,81.1,45,,,
E09000002,,,Barking and Dagenham,74.7,286,,74.5,303,,74.8,303,,75.2,303,,75.8,296,,76.0,293,,76.0,303,,76.1,313,,76.5,314,,77.2,310,,77.6,298,,,
E09000003,,,Barnet,77.6,79,,78.0,68,,78.3,72,,78.5,85,,78.9,78,,79.4,69,,79.8,54,,80.0,66,,80.2,74,,80.8,56,,81.4,32,,,
E09000004,,,Bexley,77.0,131,,77.1,139,,77.6,116,,78.2,99,,78.5,111,,78.7,115,,79.0,116,,79.3,117,,79.8,97,,80.0,118,,80.3,110,,,
E09000005,,,Brent ,75.9,215,,76.1,213,,76.5,199,,77.3,175,,78.0,150,,78.3,152,,78.6,153,,78.9,154,,79.3,138,,79.8,129,,79.9,145,,,
E09000006,,,Bromley,77.5,89,,77.7,94,,78.1,81,,78.5,72,,79.1,61,,79.5,57,,79.7,69,,79.8,79,,80.2,76,,80.7,66,,81.0,51,,,
E09000008,,,Croydon,76.7,156,,76.9,161,,76.9,168,,77.2,182,,77.5,189,,77.9,183,,78.4,172,,79.0,146,,79.1,162,,79.2,183,,79.2,197,,,
E09000009,,,Ealing,75.9,213,,76.0,215,,76.4,205,,76.9,203,,77.5,187,,78.0,180,,78.5,162,,78.6,174,,78.6,195,,78.7,211,,79.2,204,,,
E09000010,,,Enfield,76.9,145,,76.7,173,,76.8,175,,77.0,191,,77.7,169,,78.3,154,,78.5,163,,78.8,160,,79.2,149,,79.8,132,,80.5,89,,,
E09000011,,,Greenwich,74.2,309,,74.1,319,,74.6,311,,74.8,317,,75.1,321,,75.1,329,,75.7,314,,76.2,311,,77.1,288,,77.8,267,,78.5,247,,,
E09000015,,,Harrow,78.2,36,,78.5,35,,78.6,47,,78.8,57,,79.1,67,,79.8,37,,80.7,14,,81.4,9,,81.7,5,,81.7,13,,82.0,8,,,
E09000016,,,Havering,76.5,163,,76.7,172,,77.1,162,,77.7,135,,78.2,132,,78.3,157,,78.4,166,,78.7,167,,78.8,185,,79.1,188,,79.3,191,,,
E09000017,,,Hillingdon,76.2,187,,76.5,184,,76.8,183,,77.4,165,,77.4,198,,78.1,169,,78.3,176,,78.8,161,,78.9,178,,79.7,140,,79.9,142,,,
E09000018,,,Hounslow,75.1,262,,75.4,258,,75.7,258,,76.4,231,,76.8,228,,77.2,229,,77.7,211,,78.2,199,,78.7,188,,79.1,185,,79.5,178,,,
E09000021,,,Kingston upon Thames,77.6,75,,77.7,95,,78.3,74,,78.4,88,,78.8,82,,79.2,87,,79.7,63,,80.3,42,,80.9,33,,81.1,38,,81.4,36,,,
E09000024,,,Merton,77.2,112,,77.0,149,,77.6,121,,77.9,120,,78.8,89,,79.4,67,,79.5,79,,79.9,71,,80.0,87,,80.4,81,,80.2,113,,,
E09000026,,,Redbridge,76.7,157,,77.0,150,,77.3,146,,77.4,157,,77.8,163,,78.3,155,,78.9,128,,79.3,119,,79.4,134,,79.9,121,,80.3,107,,,
E09000027,,,Richmond upon Thames,77.8,65,,78.4,38,,78.7,38,,79.3,28,,79.5,35,,80.1,25,,80.3,26,,81.0,16,,81.2,18,,81.5,19,,81.7,20,,,
E09000029,,,Sutton,77.0,137,,77.3,125,,78.1,85,,78.0,113,,78.6,106,,78.7,117,,79.0,119,,79.3,121,,79.4,130,,79.9,122,,80.5,95,,,
E09000031,,,Waltham Forest,74.3,302,,74.7,296,,75.0,293,,75.5,285,,75.5,302,,76.3,288,,77.0,256,,77.9,216,,78.3,210,,79.0,191,,79.2,199,,,
E06000036,,Bracknell Forest UA,,76.4,171,,77.3,123,,78.0,92,,78.1,106,,78.5,109,,78.8,112,,79.4,86,,79.5,105,,79.7,109,,80.4,87,,80.8,68,,,
E06000043,,Brighton and Hove UA,,74.9,276,,75.1,279,,75.6,266,,76.0,259,,76.2,266,,76.4,277,,76.6,278,,77.2,260,,77.8,244,,78.5,226,,78.7,235,,,
E06000046,,Isle of Wight UA,,76.8,152,,77.0,145,,77.3,148,,77.9,117,,78.3,121,,78.7,118,,78.7,149,,78.9,155,,78.9,181,,79.5,154,,80.0,139,,,
E06000035,,Medway UA,,75.0,269,,75.4,256,,75.9,249,,76.4,229,,76.5,258,,76.6,259,,76.9,264,,77.4,241,,77.8,245,,78.2,241,,78.5,243,,,
E06000042,,Milton Keynes UA,,76.2,188,,76.4,192,,76.2,223,,76.5,222,,77.3,208,,77.9,185,,77.9,196,,77.8,221,,77.9,236,,78.4,231,,78.7,229,,,
E06000044,,Portsmouth UA,,74.9,275,,75.3,263,,75.4,275,,76.1,254,,76.3,264,,76.5,270,,76.6,279,,77.2,262,,77.5,255,,77.7,278,,78.2,264,,,
E06000038,,Reading UA,,75.9,212,,75.8,228,,75.9,243,,76.3,236,,77.0,223,,77.5,207,,77.6,218,,77.4,242,,77.8,238,,78.4,233,,78.4,249,,,
E06000039,,Slough UA,,75.4,245,,75.3,261,,76.0,233,,77.1,190,,77.0,221,,77.3,220,,76.9,263,,77.3,249,,78.0,230,,78.2,246,,78.5,248,,,
E06000045,,Southampton UA,,75.7,223,,75.9,220,,76.2,224,,76.4,230,,76.6,253,,76.8,251,,77.2,241,,78.0,209,,78.2,217,,78.6,214,,78.5,242,,,
E06000037,,West Berkshire UA,,77.9,61,,77.8,88,,78.3,71,,78.4,91,,78.9,74,,79.3,74,,79.7,61,,80.2,54,,80.5,54,,80.7,63,,80.8,67,,,
E06000040,,Windsor and Maidenhead UA,,77.0,130,,77.4,111,,78.0,93,,78.4,92,,78.7,97,,79.3,80,,79.5,81,,79.7,85,,80.2,77,,80.7,59,,81.1,47,,,
E06000041,,Wokingham UA,,78.7,12,,78.9,14,,79.5,7,,79.9,7,,80.3,7,,80.8,5,,81.1,10,,81.4,7,,81.3,15,,81.5,17,,81.6,23,,,
E07000004,,,Aylesbury Vale,77.3,105,,77.8,86,,78.0,89,,77.8,132,,78.2,126,,79.0,97,,79.9,49,,79.9,70,,79.8,98,,79.7,137,,79.9,149,,,
E07000005,,,Chiltern,77.4,95,,77.9,76,,79.0,21,,80.0,6,,79.5,39,,79.6,46,,80.2,35,,80.7,24,,80.9,34,,81.4,23,,82.1,7,,,
E07000006,,,South Bucks,78.1,41,,78.8,18,,79.2,14,,79.5,15,,79.6,30,,80.5,11,,81.3,7,,81.6,2,,81.4,9,,81.4,21,,81.5,29,,,
E07000007,,,Wycombe,78.0,43,,78.0,66,,78.8,33,,78.6,66,,79.3,53,,79.5,51,,80.2,32,,80.3,48,,80.5,53,,80.8,51,,81.3,37,,,
E07000061,,,Eastbourne,75.3,255,,75.7,235,,76.5,198,,76.8,204,,77.2,215,,77.8,193,,78.5,159,,78.7,172,,78.2,214,,78.5,227,,78.7,228,,,
E07000062,,,Hastings,74.2,307,,75.2,273,,75.3,285,,75.8,270,,75.5,304,,75.9,298,,76.3,289,,76.6,297,,77.2,284,,76.7,317,,77.5,309,,,
E07000063,,,Lewes,78.7,14,,78.6,31,,78.4,68,,78.4,90,,78.8,80,,79.8,39,,80.3,29,,80.6,28,,80.6,47,,80.7,67,,80.9,62,,,
E07000064,,,Rother,77.4,94,,77.8,90,,77.6,120,,77.8,122,,78.3,123,,79.1,96,,79.4,85,,79.6,91,,79.7,102,,79.9,123,,80.1,124,,,
E07000065,,,Wealden,78.3,24,,78.6,28,,78.9,28,,79.4,22,,79.6,29,,80.5,12,,80.5,20,,80.8,19,,80.4,66,,80.6,71,,81.0,58,,,
E07000084,,,Basingstoke and Deane,77.1,117,,77.4,116,,77.4,133,,78.4,89,,79.1,66,,79.4,68,,79.7,67,,80.1,62,,80.2,72,,80.5,76,,80.8,66,,,
E07000085,,,East Hampshire,78.2,35,,78.4,39,,78.5,49,,79.1,42,,79.1,68,,79.4,71,,79.5,76,,80.3,49,,80.6,49,,81.1,39,,81.2,43,,,
E07000086,,,Eastleigh,77.6,84,,77.8,85,,78.0,90,,78.8,58,,79.6,32,,79.8,40,,79.5,75,,80.0,64,,80.6,48,,81.5,18,,81.6,22,,,
E07000087,,,Fareham,78.2,33,,78.7,26,,79.0,24,,79.4,19,,80.0,16,,80.7,6,,81.2,8,,81.1,14,,80.6,45,,80.7,62,,80.9,61,,,
E07000088,,,Gosport,75.8,219,,76.0,214,,76.9,172,,76.6,212,,77.2,211,,77.3,218,,78.6,156,,78.8,159,,79.2,148,,78.9,197,,79.1,211,,,
E07000089,,,Hart,79.5,3,,80.0,2,,80.1,2,,80.2,3,,80.7,3,,81.0,3,,81.5,2,,81.3,11,,81.8,3,,82.6,2,,82.9,2,,,
E07000090,,,Havant,77.1,123,,76.7,168,,77.4,132,,78.2,103,,78.8,90,,78.8,111,,79.0,117,,79.3,125,,79.4,133,,79.5,157,,79.6,170,,,
E07000091,,,New Forest,79.1,7,,79.3,9,,79.2,13,,79.4,21,,80.0,15,,80.3,14,,80.5,18,,80.8,18,,81.2,21,,81.8,9,,81.9,15,,,
E07000092,,,Rushmoor,76.2,192,,76.7,170,,77.2,152,,77.8,126,,78.3,118,,79.0,99,,79.2,100,,79.0,147,,78.4,201,,78.8,203,,79.1,209,,,
E07000093,,,Test Valley,77.7,67,,77.8,87,,78.4,61,,78.5,79,,79.3,55,,79.1,91,,79.7,64,,79.8,83,,80.6,50,,80.6,72,,80.8,70,,,
E07000094,,,Winchester,78.2,34,,78.7,23,,79.3,9,,79.6,11,,80.1,10,,80.0,31,,80.0,44,,80.5,34,,81.1,26,,81.8,11,,82.0,11,,,
E07000105,,,Ashford,77.9,53,,78.0,71,,78.6,48,,78.8,63,,79.2,59,,79.3,81,,80.1,41,,80.1,57,,80.5,58,,80.7,69,,81.3,40,,,
E07000106,,,Canterbury,77.0,140,,77.0,148,,76.7,185,,77.2,184,,77.8,165,,78.6,129,,78.8,140,,78.6,177,,79.1,159,,79.5,153,,80.2,118,,,
E07000107,,,Dartford,76.3,177,,76.8,164,,77.1,163,,77.2,179,,77.6,180,,78.2,163,,79.0,123,,79.0,142,,79.1,160,,79.1,189,,79.1,208,,,
E07000108,,,Dover,76.1,195,,76.2,209,,76.6,195,,76.6,219,,77.6,183,,77.4,212,,78.2,185,,77.5,234,,78.5,196,,78.5,224,,79.2,198,,,
E07000109,,,Gravesham,76.0,202,,76.2,207,,76.8,181,,77.5,154,,78.2,127,,78.5,132,,78.6,158,,78.3,194,,78.4,200,,78.8,202,,79.6,174,,,
E07000110,,,Maidstone,77.3,111,,77.0,147,,77.4,134,,77.3,169,,78.1,135,,78.1,172,,78.8,139,,78.9,152,,79.1,155,,79.4,160,,79.9,143,,,
E07000111,,,Sevenoaks,78.3,28,,78.8,16,,79.0,23,,79.3,24,,80.0,14,,80.6,7,,80.8,12,,80.8,22,,81.1,25,,81.2,31,,81.5,26,,,
E07000112,,,Shepway,76.3,185,,75.9,218,,76.4,209,,76.5,221,,77.4,195,,77.9,184,,78.5,161,,79.0,144,,79.3,139,,79.3,177,,79.3,192,,,
E07000113,,,Swale,76.1,199,,76.3,198,,75.9,246,,76.6,217,,76.8,227,,77.1,231,,77.0,251,,77.3,252,,78.0,225,,78.5,223,,79.3,193,,,
E07000114,,,Thanet,75.1,260,,74.7,293,,75.1,290,,75.1,309,,75.8,290,,76.4,280,,76.9,260,,76.6,291,,76.6,312,,76.6,323,,77.6,302,,,
E07000115,,,Tonbridge and Malling,77.4,100,,77.4,114,,78.1,82,,78.7,65,,79.4,44,,79.5,50,,79.9,53,,80.2,55,,80.3,68,,80.5,79,,80.6,86,,,
E07000116,,,Tunbridge Wells,78.0,44,,78.4,42,,77.9,95,,78.4,87,,78.8,87,,79.4,61,,79.7,65,,80.4,39,,81.1,27,,81.5,20,,81.4,30,,,
E07000177,,,Cherwell,77.2,114,,77.4,115,,77.8,101,,78.1,107,,78.6,102,,78.9,107,,78.8,143,,78.8,162,,78.9,179,,79.6,148,,80.1,122,,,
E07000178,,,Oxford,76.4,169,,76.5,183,,76.6,191,,77.4,164,,77.4,203,,77.8,195,,77.7,214,,78.1,202,,78.6,192,,78.7,210,,78.9,220,,,
E07000179,,,South Oxfordshire,77.7,71,,78.4,46,,78.8,36,,79.1,39,,79.0,72,,79.4,60,,79.9,51,,80.1,61,,80.5,51,,80.7,70,,81.1,49,,,
E07000180,,,Vale of White Horse,78.3,25,,78.4,45,,78.5,53,,79.2,32,,79.3,54,,80.0,27,,80.2,34,,81.1,13,,81.3,14,,81.4,25,,81.4,34,,,
E07000181,,,West Oxfordshire,78.1,40,,78.5,33,,79.0,20,,79.4,23,,79.5,37,,79.7,41,,79.5,82,,80.2,52,,80.1,85,,80.7,58,,80.7,72,,,
E07000207,,,Elmbridge,78.5,20,,78.9,12,,79.1,18,,79.6,12,,80.4,6,,81.0,4,,81.2,9,,81.4,10,,81.7,6,,81.8,8,,81.6,21,,,
E07000208,,,Epsom and Ewell,77.9,55,,77.9,83,,79.0,22,,79.3,27,,79.9,18,,80.0,26,,81.4,4,,82.1,1,,81.9,2,,81.9,5,,82.0,10,,,
E07000209,,,Guildford,78.6,18,,78.9,13,,79.1,17,,79.4,20,,80.1,9,,80.2,21,,80.4,23,,80.8,20,,81.5,8,,81.9,7,,82.1,5,,,
E07000210,,,Mole Valley,77.7,73,,78.3,49,,78.9,30,,79.5,14,,80.0,12,,80.0,29,,80.7,16,,80.5,31,,81.1,23,,81.1,40,,81.7,18,,,
E07000211,,,Reigate and Banstead,76.9,142,,77.3,124,,77.9,94,,78.3,96,,78.7,92,,78.7,116,,79.3,90,,79.8,81,,80.1,79,,80.4,82,,80.8,65,,,
E07000212,,,Runnymede,77.4,97,,77.7,93,,78.2,77,,78.5,73,,78.6,100,,78.9,108,,79.7,68,,80.3,44,,80.9,32,,80.8,55,,81.0,55,,,
E07000213,,,Spelthorne,77.4,93,,78.2,60,,78.5,52,,78.8,55,,78.8,81,,79.0,98,,79.7,73,,79.8,78,,80.1,82,,79.8,134,,80.1,127,,,
E07000214,,,Surrey Heath,77.6,78,,77.5,107,,78.3,73,,79.2,34,,80.0,13,,80.2,20,,80.1,37,,80.6,26,,80.7,41,,81.3,29,,81.1,46,,,
E07000215,,,Tandridge,78.0,46,,78.7,19,,78.8,31,,79.1,43,,79.5,40,,79.5,52,,80.2,33,,80.1,56,,80.8,35,,80.9,46,,80.7,76,,,
E07000216,,,Waverley,78.4,23,,78.4,41,,78.4,62,,78.9,54,,79.7,23,,80.3,18,,80.9,11,,80.8,17,,80.8,37,,81.4,26,,81.9,13,,,
E07000217,,,Woking,77.7,70,,78.1,61,,78.3,69,,79.2,37,,79.4,41,,79.3,75,,79.3,95,,79.7,86,,79.8,95,,80.4,85,,80.5,97,,,
E07000223,,,Adur,77.4,102,,77.3,126,,77.1,161,,77.4,159,,78.3,119,,78.4,146,,78.4,170,,78.5,183,,79.3,135,,80.0,115,,80.3,108,,,
E07000224,,,Arun,77.8,63,,77.6,104,,77.6,117,,77.7,139,,77.9,152,,78.1,175,,78.6,154,,78.6,176,,79.2,145,,79.1,187,,79.7,160,,,
E07000225,,,Chichester,78.0,47,,77.9,82,,78.2,78,,78.8,62,,79.1,64,,79.1,89,,79.1,109,,79.3,116,,80.1,81,,80.8,49,,81.0,50,,,
E07000226,,,Crawley,78.6,15,,78.7,22,,78.9,27,,79.3,25,,79.3,56,,78.9,104,,79.1,111,,79.9,75,,79.7,105,,79.6,147,,79.4,183,,,
E07000227,,,Horsham,78.6,17,,78.7,25,,79.2,15,,79.8,8,,80.1,11,,80.1,24,,79.8,57,,80.5,35,,81.1,28,,81.8,12,,81.5,27,,,
E07000228,,,Mid Sussex,78.0,42,,77.8,89,,78.1,86,,78.7,64,,79.8,20,,80.1,23,,80.4,24,,80.5,33,,81.2,20,,81.6,16,,81.9,14,,,
E07000229,,,Worthing,76.0,208,,76.3,203,,76.5,200,,76.8,206,,77.2,217,,78.2,162,,78.2,184,,77.8,219,,77.6,254,,78.3,234,,78.8,227,,,
E06000022,,Bath and North East Somerset UA,,77.9,59,,78.0,72,,78.4,64,,78.8,61,,79.3,48,,79.6,48,,79.9,50,,79.9,74,,80.0,90,,80.1,113,,80.6,84,,,
E06000028,,Bournemouth UA,,75.9,214,,76.1,210,,76.6,190,,77.3,173,,78.0,144,,78.2,164,,78.4,173,,78.5,182,,78.5,197,,78.6,215,,78.6,237,,,
E06000023,,"Bristol, City of UA",,75.4,248,,75.3,262,,75.8,250,,76.3,235,,76.9,224,,77.0,242,,76.9,265,,77.1,266,,77.4,263,,78.1,254,,78.3,253,,,
E06000052,,Cornwall UA ,,77.0,133,,77.3,121,,77.5,130,,77.7,144,,78.1,140,,78.1,166,,78.4,169,,78.4,189,,79.0,173,,79.2,180,,79.5,179,,,
E06000053,,Isles of Scilly UA ,,..,,,..,,,..,,,..,,,..,,,..,,,..,,,..,,,..,,,..,,,..,,,,
E06000024,,North Somerset UA,,77.2,115,,77.3,127,,77.7,111,,78.2,101,,78.7,95,,79.0,101,,78.9,129,,79.0,143,,79.0,163,,79.4,172,,79.6,173,,,
E06000026,,Plymouth UA,,75.5,241,,75.7,236,,75.9,244,,76.0,256,,76.5,256,,76.8,252,,77.3,236,,77.4,247,,77.8,243,,78.0,258,,78.3,252,,,
E06000029,,Poole UA,,78.0,48,,78.2,59,,78.0,87,,78.2,105,,78.4,117,,79.1,92,,79.1,105,,79.5,107,,79.5,120,,80.1,114,,80.2,117,,,
E06000025,,South Gloucestershire UA,,78.3,31,,78.7,21,,79.1,19,,79.2,33,,79.3,46,,79.4,62,,79.8,55,,80.4,41,,80.5,56,,80.7,68,,81.0,52,,,
E06000030,,Swindon UA,,76.1,196,,76.4,190,,77.1,158,,77.4,156,,77.5,193,,77.7,200,,77.9,198,,78.5,184,,78.7,190,,79.2,182,,79.3,196,,,
E06000027,,Torbay UA,,76.3,186,,76.4,194,,76.4,211,,76.3,234,,76.8,237,,77.1,230,,77.8,202,,77.6,225,,77.9,231,,78.4,232,,79.1,207,,,
E06000054,,Wiltshire UA ,,77.5,90,,78.0,70,,78.4,65,,78.8,56,,79.0,71,,79.3,78,,79.4,89,,79.5,99,,79.7,107,,80.1,103,,80.4,101,,,
E07000040,,,East Devon,77.6,74,,78.6,32,,79.3,11,,79.6,13,,79.3,47,,79.4,59,,80.5,19,,80.5,30,,81.1,29,,81.1,36,,81.4,35,,,
E07000041,,,Exeter,76.3,178,,76.9,162,,76.7,186,,76.9,198,,77.2,218,,77.9,186,,78.6,155,,78.6,175,,79.0,169,,79.4,161,,79.9,148,,,
E07000042,,,Mid Devon,78.0,51,,78.1,62,,78.4,67,,78.1,110,,79.1,65,,79.7,44,,80.3,27,,80.2,53,,80.5,55,,80.1,108,,80.3,112,,,
E07000043,,,North Devon,76.5,165,,76.8,165,,76.9,167,,77.5,153,,77.9,153,,78.2,160,,77.7,210,,78.1,208,,78.7,189,,79.4,171,,79.7,162,,,
E07000044,,,South Hams,78.6,16,,78.7,20,,78.5,54,,79.0,49,,79.0,69,,79.1,94,,79.3,94,,80.0,68,,80.4,60,,81.2,32,,81.3,38,,,
E07000045,,,Teignbridge,77.1,119,,78.2,53,,78.7,42,,79.2,36,,79.5,38,,79.6,49,,79.7,66,,79.8,80,,80.2,78,,80.4,86,,80.1,133,,,
E07000046,,,Torridge,76.3,181,,76.6,174,,76.9,170,,77.8,129,,78.3,120,,78.3,158,,78.9,130,,79.6,98,,80.2,71,,80.2,99,,80.1,132,,,
E07000047,,,West Devon,77.7,72,,78.2,55,,78.4,66,,78.9,53,,79.2,58,,79.3,73,,79.2,103,,79.2,127,,79.9,91,,80.3,91,,79.9,150,,,
E07000048,,,Christchurch,79.0,9,,78.2,58,,78.7,43,,79.8,9,,80.5,5,,80.3,17,,80.4,25,,81.0,15,,81.3,12,,81.6,15,,82.0,9,,,
E07000049,,,East Dorset,79.5,2,,80.1,1,,80.8,1,,80.9,1,,81.5,2,,81.4,2,,81.4,5,,81.5,5,,82.0,1,,83.0,1,,82.9,1,,,
E07000050,,,North Dorset,79.1,5,,79.2,10,,79.2,12,,79.4,18,,79.4,45,,79.9,34,,80.8,13,,81.5,6,,81.8,4,,81.8,10,,81.5,28,,,
E07000051,,,Purbeck,79.2,4,,79.7,3,,79.3,10,,79.0,45,,79.4,43,,79.4,64,,80.5,22,,80.6,27,,81.1,24,,80.8,53,,80.8,69,,,
E07000052,,,West Dorset,77.5,87,,77.6,97,,78.5,51,,78.6,67,,79.6,31,,79.5,55,,80.0,43,,79.6,96,,80.0,88,,80.5,75,,81.0,56,,,
E07000053,,,Weymouth and Portland,75.6,229,,75.9,221,,76.4,206,,77.3,170,,77.7,170,,78.3,151,,77.9,195,,78.2,195,,77.7,248,,78.6,219,,78.6,239,,,
E07000078,,,Cheltenham,77.3,107,,77.5,109,,78.4,60,,78.5,81,,78.6,104,,78.9,106,,79.1,107,,79.9,76,,80.2,69,,80.4,80,,80.6,83,,,
E07000079,,,Cotswold,78.3,30,,78.6,27,,78.7,39,,79.1,40,,79.9,19,,80.5,9,,80.5,21,,80.1,59,,80.5,52,,81.0,43,,81.2,44,,,
E07000080,,,Forest of Dean,76.2,189,,76.4,193,,76.6,194,,76.9,200,,77.1,220,,77.4,215,,77.9,194,,78.6,180,,79.3,142,,79.6,149,,79.7,158,,,
E07000081,,,Gloucester,75.8,218,,75.8,230,,75.7,259,,76.3,244,,77.2,214,,77.8,194,,77.8,204,,77.6,228,,77.8,242,,77.7,274,,78.0,274,,,
E07000082,,,Stroud,77.4,92,,78.0,69,,78.3,70,,78.6,71,,78.6,101,,78.3,150,,78.8,135,,79.1,138,,79.8,96,,80.1,104,,80.5,92,,,
E07000083,,,Tewkesbury,78.5,21,,78.6,30,,78.2,79,,78.5,83,,78.6,99,,79.3,82,,79.1,106,,79.5,104,,79.5,122,,79.7,135,,80.2,121,,,
E07000187,,,Mendip,77.4,96,,77.4,112,,77.3,144,,77.4,160,,78.1,137,,78.5,134,,79.3,93,,79.8,84,,80.2,75,,80.5,77,,80.5,90,,,
E07000188,,,Sedgemoor,77.0,138,,77.4,117,,77.6,119,,77.8,134,,78.0,145,,78.6,123,,78.2,182,,78.5,181,,78.7,187,,79.9,124,,80.6,88,,,
E07000189,,,South Somerset,77.6,83,,78.0,67,,78.4,58,,79.2,35,,79.1,63,,79.5,54,,79.7,72,,80.0,65,,79.9,94,,80.3,90,,80.9,64,,,
E07000190,,,Taunton Deane,77.2,113,,77.2,136,,77.5,128,,77.7,143,,78.2,131,,78.4,144,,78.8,138,,78.8,158,,79.1,158,,79.2,178,,79.8,152,,,
E07000191,,,West Somerset,78.3,29,,78.8,17,,78.5,50,,78.9,51,,79.0,73,,79.0,100,,78.9,127,,79.3,115,,79.2,150,,79.6,146,,79.4,187,,,
W92000004,WALES,,,75.3,,,75.5,,,75.8,,,76.1,,,76.6,,,76.8,,,77.0,,,77.2,,,77.6,,,78.0,,,78.2,,,,
W06000001,,,Isle of Anglesey / Ynys Môn,76.1,194,,76.3,199,,76.7,184,,77.1,186,,77.3,209,,77.0,238,,77.1,248,,77.0,273,,77.3,271,,78.0,256,,78.5,245,,,
W06000002,,,Gwynedd / Gwynedd,76.4,174,,76.9,153,,76.8,180,,76.9,197,,76.9,225,,77.2,228,,77.5,225,,77.5,235,,77.7,251,,78.3,238,,78.8,223,,,
W06000003,,,Conwy / Conwy,75.5,240,,75.7,241,,75.8,253,,76.3,239,,76.6,251,,77.0,244,,77.1,245,,77.3,251,,78.0,226,,78.2,242,,79.0,217,,,
W06000004,,,Denbighshire / Sir Ddinbych,75.9,217,,76.2,206,,76.4,204,,76.4,232,,76.5,255,,77.0,237,,77.4,230,,77.6,227,,77.7,247,,78.1,247,,78.3,250,,,
W06000005,,,Flintshire / Sir y Fflint,76.2,190,,76.3,201,,76.1,227,,76.3,237,,76.7,243,,77.5,211,,77.7,215,,78.2,200,,78.3,205,,78.9,194,,79.0,215,,,
W06000006,,,Wrexham / Wrecsam,75.4,252,,75.6,246,,75.8,255,,76.2,246,,76.8,230,,77.1,233,,77.2,243,,77.3,250,,77.5,257,,78.1,248,,78.2,256,,,
W06000023,,,Powys / Powys,76.7,153,,77.0,146,,77.4,142,,77.8,133,,78.2,128,,78.4,139,,79.1,110,,79.3,120,,79.5,125,,79.6,150,,80.0,138,,,
W06000008,,,Ceredigion / Ceredigion,78.6,19,,78.5,37,,77.5,127,,77.3,168,,78.2,124,,79.3,76,,80.1,39,,79.9,73,,80.1,80,,79.8,133,,79.9,144,,,
W06000009,,,Pembrokeshire / Sir Benfro,75.0,271,,75.1,276,,76.0,237,,76.0,260,,76.6,252,,76.8,256,,77.3,233,,77.6,226,,78.2,216,,78.8,199,,79.4,184,,,
W06000010,,,Carmarthenshire / Sir Gaerfyrddin,75.1,267,,74.9,285,,75.4,279,,75.6,278,,75.9,285,,76.3,283,,76.6,277,,77.4,246,,77.7,249,,78.3,236,,78.5,241,,,
W06000011,,,Swansea / Abertawe,75.6,235,,75.4,257,,75.7,261,,75.7,273,,76.4,260,,76.4,278,,77.0,258,,76.8,282,,77.2,283,,77.1,312,,77.6,300,,,
W06000012,,,Neath Port Talbot / Castell-nedd Port Talbot,74.0,319,,74.2,318,,74.5,318,,75.2,298,,76.0,277,,76.4,279,,76.3,293,,76.2,312,,76.4,318,,76.6,321,,76.6,333,,,
W06000013,,,Bridgend / Pen-y-bont ar Ogwr,75.4,247,,75.5,248,,75.5,270,,75.6,280,,76.0,276,,75.9,303,,76.0,304,,76.4,304,,76.9,304,,76.9,316,,77.0,327,,,
W06000014,,,The Vale of Glamorgan / Bro Morgannwg,76.1,198,,76.0,217,,76.0,234,,76.9,196,,77.7,172,,77.7,199,,77.7,209,,78.1,204,,78.8,186,,79.4,163,,79.6,164,,,
W06000015,,,Cardiff / Caerdydd,75.1,264,,75.5,254,,75.9,247,,76.2,245,,76.6,250,,76.5,267,,76.7,271,,77.0,271,,77.8,241,,78.2,244,,78.2,259,,,
W06000016,,,Rhondda Cynon Taf / Rhondda Cynon Taf,74.0,317,,74.2,313,,74.9,300,,75.1,307,,75.6,299,,75.0,333,,75.4,322,,75.4,332,,76.1,326,,75.8,338,,76.4,338,,,
W06000024,,,Merthyr Tydfil / Merthyr Tudful,73.3,335,,73.5,336,,73.9,335,,74.4,331,,75.5,307,,75.6,311,,75.0,336,,74.9,340,,75.7,333,,76.4,326,,77.4,311,,,
W06000018,,,Caerphilly / Caerffili,74.1,313,,74.6,300,,74.8,301,,75.3,292,,75.7,297,,75.9,301,,75.7,317,,76.2,310,,76.8,306,,77.4,294,,77.6,299,,,
W06000019,,,Blaenau Gwent / Blaenau Gwent,73.3,334,,73.6,333,,73.9,336,,74.2,336,,74.8,331,,75.2,327,,75.3,330,,75.6,325,,75.9,331,,76.0,335,,75.7,343,,,
W06000020,,,Torfaen / Tor-faen,75.5,242,,75.5,250,,75.9,241,,76.2,248,,77.3,206,,77.1,235,,76.8,267,,76.6,293,,77.3,274,,77.7,272,,77.6,304,,,
W06000021,,,Monmouthshire / Sir Fynwy,76.7,158,,77.0,144,,78.0,91,,78.5,84,,78.8,88,,78.7,114,,78.8,141,,79.6,90,,80.4,64,,80.5,78,,80.1,128,,,
W06000022,,,Newport / Casnewydd,74.5,294,,74.7,294,,75.3,286,,76.0,264,,76.7,241,,77.1,234,,77.1,249,,76.8,281,,76.9,302,,77.7,276,,77.9,286,,,
